Season,Date,Time,Round,HomeTeam,AwayTeam,FTHG,FTAG,HTHG,HTAG,FTR,Venue,City,Attendance,Referee
2016-17,2016-08-13,12:30,1,Hull,Leicester City,2,1,1,0,H,,,,
2016-17,2016-08-13,15:00,1,Burnley,Swansea,0,1,0,0,A,,,,
2016-17,2016-08-13,,1,Crystal Palace,West Bromwich Albion,0,1,0,0,A,,,,
2016-17,2016-08-13,,1,Everton,Tottenham Hotspur,1,1,1,0,D,,,,
2016-17,2016-08-13,,1,Middlesbrough,Stoke City,1,1,1,0,D,,,,
2016-17,2016-08-13,,1,Southampton FC,Watford,1,1,0,1,D,,,,
2016-17,2016-08-13,17:30,1,Manchester City,Sunderland,2,1,1,0,H,,,,
2016-17,2016-08-14,16:00,1,Arsenal,Liverpool,3,4,1,1,A,,,,
2016-17,2016-08-14,13:30,1,Bournemouth,Manchester United,1,3,0,1,A,,,,
2016-17,2016-08-15,20:00,1,Chelsea FC,West Ham United,2,1,0,0,H,,,,
2016-17,2016-08-19,20:00,2,Manchester United,Southampton FC,2,0,1,0,H,,,,
2016-17,2016-08-20,12:30,2,Stoke City,Manchester City,1,4,0,2,A,,,,
2016-17,2016-08-20,15:00,2,Burnley,Liverpool,2,0,2,0,H,,,,
2016-17,2016-08-20,,2,Swansea,Hull,0,2,0,0,A,,,,
2016-17,2016-08-20,,2,Tottenham Hotspur,Crystal Palace,1,0,0,0,H,,,,
2016-17,2016-08-20,,2,Watford,Chelsea FC,1,2,0,0,A,,,,
2016-17,2016-08-20,,2,West Bromwich Albion,Everton,1,2,1,1,A,,,,
2016-17,2016-08-20,17:30,2,Leicester City,Arsenal,0,0,,,D,,,,
2016-17,2016-08-21,16:00,2,West Ham United,Bournemouth,1,0,0,0,H,,,,
2016-17,2016-08-21,13:30,2,Sunderland,Middlesbrough,1,2,0,2,A,,,,
2016-17,2016-08-27,12:30,3,Tottenham Hotspur,Liverpool,1,1,0,1,D,,,,
2016-17,2016-08-27,15:00,3,Chelsea FC,Burnley,3,0,2,0,H,,,,
2016-17,2016-08-27,,3,Crystal Palace,Bournemouth,1,1,0,1,D,,,,
2016-17,2016-08-27,,3,Everton,Stoke City,1,0,0,0,H,,,,
2016-17,2016-08-27,,3,Leicester City,Swansea,2,1,1,0,H,,,,
2016-17,2016-08-27,,3,Southampton FC,Sunderland,1,1,0,0,D,,,,
2016-17,2016-08-27,,3,Watford,Arsenal,1,3,0,3,A,,,,
2016-17,2016-08-27,17:30,3,Hull,Manchester United,0,1,0,0,A,,,,
2016-17,2016-08-28,16:00,3,Manchester City,West Ham United,3,1,2,0,H,,,,
2016-17,2016-08-28,13:30,3,West Bromwich Albion,Middlesbrough,0,0,,,D,,,,
2016-17,2016-09-10,12:30,4,Manchester United,Manchester City,1,2,1,2,A,,,,
2016-17,2016-09-10,15:00,4,Bournemouth,West Bromwich Albion,1,0,0,0,H,,,,
2016-17,2016-09-10,,4,Arsenal,Southampton FC,2,1,1,1,H,,,,
2016-17,2016-09-10,,4,Burnley,Hull,1,1,0,0,D,,,,
2016-17,2016-09-10,,4,Middlesbrough,Crystal Palace,1,2,1,1,A,,,,
2016-17,2016-09-10,,4,Stoke City,Tottenham Hotspur,0,4,0,1,A,,,,
2016-17,2016-09-10,,4,West Ham United,Watford,2,4,2,2,A,,,,
2016-17,2016-09-10,17:30,4,Liverpool,Leicester City,4,1,2,1,H,,,,
2016-17,2016-09-11,16:00,4,Swansea,Chelsea FC,2,2,0,1,D,,,,
2016-17,2016-09-12,20:00,4,Sunderland,Everton,0,3,0,0,A,,,,
2016-17,2016-09-16,20:00,5,Chelsea FC,Liverpool,1,2,0,2,A,,,,
2016-17,2016-09-17,15:00,5,Hull,Arsenal,1,4,0,1,A,,,,
2016-17,2016-09-17,,5,Leicester City,Burnley,3,0,1,0,H,,,,
2016-17,2016-09-17,,5,Manchester City,Bournemouth,4,0,2,0,H,,,,
2016-17,2016-09-17,,5,West Bromwich Albion,West Ham United,4,2,3,0,H,,,,
2016-17,2016-09-17,17:30,5,Everton,Middlesbrough,3,1,3,1,H,,,,
2016-17,2016-09-18,14:15,5,Crystal Palace,Stoke City,4,1,2,0,H,,,,
2016-17,2016-09-18,,5,Southampton FC,Swansea,1,0,0,0,H,,,,
2016-17,2016-09-18,16:30,5,Tottenham Hotspur,Sunderland,1,0,0,0,H,,,,
2016-17,2016-09-18,12:00,5,Watford,Manchester United,3,1,1,0,H,,,,
2016-17,2016-09-24,12:30,6,Manchester United,Leicester City,4,1,4,0,H,,,,
2016-17,2016-09-24,15:00,6,Bournemouth,Everton,1,0,1,0,H,,,,
2016-17,2016-09-24,,6,Liverpool,Hull,5,1,3,0,H,,,,
2016-17,2016-09-24,,6,Middlesbrough,Tottenham Hotspur,1,2,0,2,A,,,,
2016-17,2016-09-24,,6,Stoke City,West Bromwich Albion,1,1,0,0,D,,,,
2016-17,2016-09-24,,6,Sunderland,Crystal Palace,2,3,1,0,A,,,,
2016-17,2016-09-24,,6,Swansea,Manchester City,1,3,1,1,A,,,,
2016-17,2016-09-24,17:30,6,Arsenal,Chelsea FC,3,0,3,0,H,,,,
2016-17,2016-09-25,16:00,6,West Ham United,Southampton FC,0,3,0,1,A,,,,
2016-17,2016-09-26,20:00,6,Burnley,Watford,2,0,1,0,H,,,,
2016-17,2016-09-30,20:00,7,Everton,Crystal Palace,1,1,1,0,D,,,,
2016-17,2016-10-01,15:00,7,Hull,Chelsea FC,0,2,0,0,A,,,,
2016-17,2016-10-01,,7,Sunderland,West Bromwich Albion,1,1,0,1,D,,,,
2016-17,2016-10-01,,7,Watford,Bournemouth,2,2,0,1,D,,,,
2016-17,2016-10-01,,7,West Ham United,Middlesbrough,1,1,0,0,D,,,,
2016-17,2016-10-01,12:30,7,Swansea,Liverpool,1,2,1,0,A,,,,
2016-17,2016-10-02,12:00,7,Manchester United,Stoke City,1,1,0,0,D,,,,
2016-17,2016-10-02,14:15,7,Leicester City,Southampton FC,0,0,,,D,,,,
2016-17,2016-10-02,,7,Tottenham Hotspur,Manchester City,2,0,2,0,H,,,,
2016-17,2016-10-02,16:30,7,Burnley,Arsenal,0,1,0,0,A,,,,
2016-17,2016-10-15,12:30,8,Chelsea FC,Leicester City,3,0,2,0,H,,,,
2016-17,2016-10-15,15:00,8,Bournemouth,Hull,6,1,3,1,H,,,,
2016-17,2016-10-15,,8,Arsenal,Swansea,3,2,2,1,H,,,,
2016-17,2016-10-15,,8,Manchester City,Everton,1,1,0,0,D,,,,
2016-17,2016-10-15,,8,Stoke City,Sunderland,2,0,2,0,H,,,,
2016-17,2016-10-15,,8,West Bromwich Albion,Tottenham Hotspur,1,1,0,0,D,,,,
2016-17,2016-10-15,17:30,8,Crystal Palace,West Ham United,0,1,0,1,A,,,,
2016-17,2016-10-16,16:00,8,Southampton FC,Burnley,3,1,0,0,H,,,,
2016-17,2016-10-16,13:30,8,Middlesbrough,Watford,0,1,0,0,A,,,,
2016-17,2016-10-17,20:00,8,Liverpool,Manchester United,0,0,,,D,,,,
2016-17,2016-10-22,12:30,9,Bournemouth,Tottenham Hotspur,0,0,,,D,,,,
2016-17,2016-10-22,15:00,9,Arsenal,Middlesbrough,0,0,,,D,,,,
2016-17,2016-10-22,,9,Burnley,Everton,2,1,1,0,H,,,,
2016-17,2016-10-22,,9,Hull,Stoke City,0,2,0,1,A,,,,
2016-17,2016-10-22,,9,Leicester City,Crystal Palace,3,1,1,0,H,,,,
2016-17,2016-10-22,,9,Swansea,Watford,0,0,,,D,,,,
2016-17,2016-10-22,,9,West Ham United,Sunderland,1,0,0,0,H,,,,
2016-17,2016-10-22,17:30,9,Liverpool,West Bromwich Albion,2,1,2,0,H,,,,
2016-17,2016-10-23,16:00,9,Chelsea FC,Manchester United,4,0,2,0,H,,,,
2016-17,2016-10-23,13:30,9,Manchester City,Southampton FC,1,1,0,1,D,,,,
2016-17,2016-10-29,12:30,10,Sunderland,Arsenal,1,4,0,1,A,,,,
2016-17,2016-10-29,15:00,10,Manchester United,Burnley,0,0,,,D,,,,
2016-17,2016-10-29,,10,Middlesbrough,Bournemouth,2,0,1,0,H,,,,
2016-17,2016-10-29,,10,Tottenham Hotspur,Leicester City,1,1,1,0,D,,,,
2016-17,2016-10-29,,10,Watford,Hull,1,0,0,0,H,,,,
2016-17,2016-10-29,,10,West Bromwich Albion,Manchester City,0,4,0,2,A,,,,
2016-17,2016-10-29,17:30,10,Crystal Palace,Liverpool,2,4,2,3,A,,,,
2016-17,2016-10-30,16:00,10,Southampton FC,Chelsea FC,0,2,0,1,A,,,,
2016-17,2016-10-30,13:30,10,Everton,West Ham United,2,0,0,0,H,,,,
2016-17,2016-10-31,20:00,10,Stoke City,Swansea,3,1,1,1,H,,,,
2016-17,2016-11-05,15:00,11,Burnley,Crystal Palace,3,2,2,0,H,,,,
2016-17,2016-11-05,,11,Manchester City,Middlesbrough,1,1,1,0,D,,,,
2016-17,2016-11-05,,11,West Ham United,Stoke City,1,1,0,0,D,,,,
2016-17,2016-11-05,17:30,11,Chelsea FC,Everton,5,0,3,0,H,,,,
2016-17,2016-11-05,15:00,11,Bournemouth,Sunderland,1,2,1,1,A,,,,
2016-17,2016-11-06,12:00,11,Arsenal,Tottenham Hotspur,1,1,1,0,D,,,,
2016-17,2016-11-06,14:15,11,Hull,Southampton FC,2,1,0,1,H,,,,
2016-17,2016-11-06,,11,Liverpool,Watford,6,1,3,0,H,,,,
2016-17,2016-11-06,15:00,11,Swansea,Manchester United,1,3,0,3,A,,,,
2016-17,2016-11-06,16:30,11,Leicester City,West Bromwich Albion,1,2,0,0,A,,,,
2016-17,2016-11-19,15:00,12,Crystal Palace,Manchester City,1,2,0,1,A,,,,
2016-17,2016-11-19,,12,Everton,Swansea,1,1,0,1,D,,,,
2016-17,2016-11-19,,12,Southampton FC,Liverpool,0,0,,,D,,,,
2016-17,2016-11-19,,12,Stoke City,Bournemouth,0,1,0,1,A,,,,
2016-17,2016-11-19,,12,Sunderland,Hull,3,0,1,0,H,,,,
2016-17,2016-11-19,,12,Watford,Leicester City,2,1,2,1,H,,,,
2016-17,2016-11-19,17:30,12,Tottenham Hotspur,West Ham United,3,2,0,1,H,,,,
2016-17,2016-11-19,12:30,12,Manchester United,Arsenal,1,1,0,0,D,,,,
2016-17,2016-11-20,16:00,12,Middlesbrough,Chelsea FC,0,1,0,1,A,,,,
2016-17,2016-11-21,20:00,12,West Bromwich Albion,Burnley,4,0,3,0,H,,,,
2016-17,2016-11-26,15:00,13,Hull,West Bromwich Albion,1,1,0,1,D,,,,
2016-17,2016-11-26,,13,Leicester City,Middlesbrough,2,2,1,1,D,,,,
2016-17,2016-11-26,,13,Liverpool,Sunderland,2,0,0,0,H,,,,
2016-17,2016-11-26,,13,Swansea,Crystal Palace,5,4,1,1,H,,,,
2016-17,2016-11-26,17:30,13,Chelsea FC,Tottenham Hotspur,2,1,1,1,H,,,,
2016-17,2016-11-26,12:30,13,Burnley,Manchester City,1,2,1,1,A,,,,
2016-17,2016-11-27,12:00,13,Watford,Stoke City,0,1,0,1,A,,,,
2016-17,2016-11-27,14:15,13,Arsenal,Bournemouth,3,1,1,1,H,,,,
2016-17,2016-11-27,16:30,13,Manchester United,West Ham United,1,1,1,1,D,,,,
2016-17,2016-11-27,,13,Southampton FC,Everton,1,0,1,0,H,,,,
2016-17,2016-12-03,12:30,14,Manchester City,Chelsea FC,1,3,1,0,A,,,,
2016-17,2016-12-03,15:00,14,Crystal Palace,Southampton FC,3,0,2,0,H,,,,
2016-17,2016-12-03,,14,Stoke City,Burnley,2,0,2,0,H,,,,
2016-17,2016-12-03,,14,Sunderland,Leicester City,2,1,0,0,H,,,,
2016-17,2016-12-03,,14,Tottenham Hotspur,Swansea,5,0,2,0,H,,,,
2016-17,2016-12-03,,14,West Bromwich Albion,Watford,3,1,2,0,H,,,,
2016-17,2016-12-03,17:30,14,West Ham United,Arsenal,1,5,0,1,A,,,,
2016-17,2016-12-04,16:00,14,Everton,Manchester United,1,1,0,1,D,,,,
2016-17,2016-12-04,13:30,14,Bournemouth,Liverpool,4,3,0,2,H,,,,
2016-17,2016-12-05,20:00,14,Middlesbrough,Hull,1,0,0,0,H,,,,
2016-17,2016-12-10,12:30,15,Watford,Everton,3,2,1,1,H,,,,
2016-17,2016-12-10,15:00,15,Arsenal,Stoke City,3,1,1,1,H,,,,
2016-17,2016-12-10,,15,Burnley,Bournemouth,3,2,2,1,H,,,,
2016-17,2016-12-10,,15,Hull,Crystal Palace,3,3,1,0,D,,,,
2016-17,2016-12-10,,15,Swansea,Sunderland,3,0,0,0,H,,,,
2016-17,2016-12-10,17:30,15,Leicester City,Manchester City,4,2,3,0,H,,,,
2016-17,2016-12-11,14:15,15,Manchester United,Tottenham Hotspur,1,0,1,0,H,,,,
2016-17,2016-12-11,,15,Southampton FC,Middlesbrough,1,0,0,0,H,,,,
2016-17,2016-12-11,16:30,15,Liverpool,West Ham United,2,2,1,2,D,,,,
2016-17,2016-12-11,12:00,15,Chelsea FC,West Bromwich Albion,1,0,0,0,H,,,,
2016-17,2016-12-13,19:45,16,Everton,Arsenal,2,1,1,1,H,,,,
2016-17,2016-12-13,,16,Bournemouth,Leicester City,1,0,1,0,H,,,,
2016-17,2016-12-14,19:45,16,Middlesbrough,Liverpool,0,3,0,1,A,,,,
2016-17,2016-12-14,,16,Sunderland,Chelsea FC,0,1,0,1,A,,,,
2016-17,2016-12-14,,16,West Ham United,Burnley,1,0,1,0,H,,,,
2016-17,2016-12-14,20:00,16,Crystal Palace,Manchester United,1,2,0,1,A,,,,
2016-17,2016-12-14,,16,West Bromwich Albion,Swansea,3,1,0,0,H,,,,
2016-17,2016-12-14,,16,Manchester City,Watford,2,0,1,0,H,,,,
2016-17,2016-12-14,,16,Stoke City,Southampton FC,0,0,,,D,,,,
2016-17,2016-12-14,,16,Tottenham Hotspur,Hull,3,0,1,0,H,,,,
2016-17,2016-12-17,15:00,17,Middlesbrough,Swansea,3,0,2,0,H,,,,
2016-17,2016-12-17,,17,Stoke City,Leicester City,2,2,2,0,D,,,,
2016-17,2016-12-17,,17,Sunderland,Watford,1,0,0,0,H,,,,
2016-17,2016-12-17,,17,West Ham United,Hull,1,0,0,0,H,,,,
2016-17,2016-12-17,17:30,17,West Bromwich Albion,Manchester United,0,2,0,1,A,,,,
2016-17,2016-12-17,12:30,17,Crystal Palace,Chelsea FC,0,1,0,1,A,,,,
2016-17,2016-12-18,13:30,17,Bournemouth,Southampton FC,1,3,1,1,A,,,,
2016-17,2016-12-18,16:00,17,Manchester City,Arsenal,2,1,0,1,H,,,,
2016-17,2016-12-18,,17,Tottenham Hotspur,Burnley,2,1,1,1,H,,,,
2016-17,2016-12-19,20:00,17,Everton,Liverpool,0,1,0,0,A,,,,
2016-17,2016-12-26,12:30,18,Watford,Crystal Palace,1,1,0,1,D,,,,
2016-17,2016-12-26,15:00,18,Arsenal,West Bromwich Albion,1,0,0,0,H,,,,
2016-17,2016-12-26,,18,Burnley,Middlesbrough,1,0,0,0,H,,,,
2016-17,2016-12-26,,18,Chelsea FC,Bournemouth,3,0,1,0,H,,,,
2016-17,2016-12-26,,18,Leicester City,Everton,0,2,0,0,A,,,,
2016-17,2016-12-26,,18,Manchester United,Sunderland,3,1,1,0,H,,,,
2016-17,2016-12-26,,18,Swansea,West Ham United,1,4,0,1,A,,,,
2016-17,2016-12-26,17:15,18,Hull,Manchester City,0,3,0,0,A,,,,
2016-17,2016-12-27,17:15,18,Liverpool,Stoke City,4,1,2,1,H,,,,
2016-17,2016-12-28,19:45,18,Southampton FC,Tottenham Hotspur,1,4,1,1,A,,,,
2016-17,2016-12-30,20:00,19,Hull,Everton,2,2,1,1,D,,,,
2016-17,2016-12-31,15:00,19,Burnley,Sunderland,4,1,1,0,H,,,,
2016-17,2016-12-31,,19,Chelsea FC,Stoke City,4,2,1,0,H,,,,
2016-17,2016-12-31,,19,Leicester City,West Ham United,1,0,1,0,H,,,,
2016-17,2016-12-31,,19,Manchester United,Middlesbrough,2,1,0,0,H,,,,
2016-17,2016-12-31,,19,Southampton FC,West Bromwich Albion,1,2,1,1,A,,,,
2016-17,2016-12-31,,19,Swansea,Bournemouth,0,3,0,2,A,,,,
2016-17,2016-12-31,17:30,19,Liverpool,Manchester City,1,0,1,0,H,,,,
2016-17,2017-01-01,16:00,19,Arsenal,Crystal Palace,2,0,1,0,H,,,,
2016-17,2017-01-01,13:30,19,Watford,Tottenham Hotspur,1,4,0,3,A,,,,
2016-17,2017-01-02,12:30,20,Middlesbrough,Leicester City,0,0,,,D,,,,
2016-17,2017-01-02,15:00,20,Everton,Southampton FC,3,0,0,0,H,,,,
2016-17,2017-01-02,,20,Manchester City,Burnley,2,1,0,0,H,,,,
2016-17,2017-01-02,,20,Sunderland,Liverpool,2,2,1,1,D,,,,
2016-17,2017-01-02,,20,West Bromwich Albion,Hull,3,1,0,1,H,,,,
2016-17,2017-01-02,17:15,20,West Ham United,Manchester United,0,2,0,0,A,,,,
2016-17,2017-01-03,20:00,20,Crystal Palace,Swansea,1,2,0,1,A,,,,
2016-17,2017-01-03,,20,Stoke City,Watford,2,0,1,0,H,,,,
2016-17,2017-01-03,19:45,20,Bournemouth,Arsenal,3,3,2,0,D,,,,
2016-17,2017-01-04,20:00,20,Tottenham Hotspur,Chelsea FC,2,0,1,0,H,,,,
2016-17,2017-01-14,12:30,21,Tottenham Hotspur,West Bromwich Albion,4,0,2,0,H,,,,
2016-17,2017-01-14,15:00,21,Burnley,Southampton FC,1,0,0,0,H,,,,
2016-17,2017-01-14,,21,Hull,Bournemouth,3,1,1,1,H,,,,
2016-17,2017-01-14,,21,Sunderland,Stoke City,1,3,1,3,A,,,,
2016-17,2017-01-14,,21,Swansea,Arsenal,0,4,0,1,A,,,,
2016-17,2017-01-14,,21,Watford,Middlesbrough,0,0,,,D,,,,
2016-17,2017-01-14,,21,West Ham United,Crystal Palace,3,0,0,0,H,,,,
2016-17,2017-01-14,17:30,21,Leicester City,Chelsea FC,0,3,0,1,A,,,,
2016-17,2017-01-15,16:00,21,Manchester United,Liverpool,1,1,0,1,D,,,,
2016-17,2017-01-15,13:30,21,Everton,Manchester City,4,0,1,0,H,,,,
2016-17,2017-01-21,12:30,22,Liverpool,Swansea,2,3,0,0,A,,,,
2016-17,2017-01-21,15:00,22,Bournemouth,Watford,2,2,0,1,D,,,,
2016-17,2017-01-21,,22,Crystal Palace,Everton,0,1,0,0,A,,,,
2016-17,2017-01-21,,22,Middlesbrough,West Ham United,1,3,1,2,A,,,,
2016-17,2017-01-21,,22,Stoke City,Manchester United,1,1,1,0,D,,,,
2016-17,2017-01-21,,22,West Bromwich Albion,Sunderland,2,0,2,0,H,,,,
2016-17,2017-01-21,17:30,22,Manchester City,Tottenham Hotspur,2,2,0,0,D,,,,
2016-17,2017-01-22,12:00,22,Southampton FC,Leicester City,3,0,2,0,H,,,,
2016-17,2017-01-22,14:15,22,Arsenal,Burnley,2,1,0,0,H,,,,
2016-17,2017-01-22,16:30,22,Chelsea FC,Hull,2,0,1,0,H,,,,
2016-17,2017-01-31,19:45,23,Arsenal,Watford,1,2,0,2,A,,,,
2016-17,2017-01-31,,23,Burnley,Leicester City,1,0,0,0,H,,,,
2016-17,2017-01-31,,23,Middlesbrough,West Bromwich Albion,1,1,1,1,D,,,,
2016-17,2017-01-31,,23,Sunderland,Tottenham Hotspur,0,0,,,D,,,,
2016-17,2017-01-31,,23,Swansea,Southampton FC,2,1,1,0,H,,,,
2016-17,2017-01-31,20:00,23,Liverpool,Chelsea FC,1,1,0,1,D,,,,
2016-17,2017-01-31,19:45,23,Bournemouth,Crystal Palace,0,2,0,0,A,,,,
2016-17,2017-02-01,19:45,23,West Ham United,Manchester City,0,4,0,3,A,,,,
2016-17,2017-02-01,20:00,23,Manchester United,Hull,0,0,,,D,,,,
2016-17,2017-02-01,,23,Stoke City,Everton,1,1,1,1,D,,,,
2016-17,2017-02-04,15:00,24,Crystal Palace,Sunderland,0,4,0,4,A,,,,
2016-17,2017-02-04,,24,Everton,Bournemouth,6,3,3,0,H,,,,
2016-17,2017-02-04,,24,Hull,Liverpool,2,0,1,0,H,,,,
2016-17,2017-02-04,,24,Southampton FC,West Ham United,1,3,1,2,A,,,,
2016-17,2017-02-04,,24,Watford,Burnley,2,1,2,0,H,,,,
2016-17,2017-02-04,,24,West Bromwich Albion,Stoke City,1,0,1,0,H,,,,
2016-17,2017-02-04,17:30,24,Tottenham Hotspur,Middlesbrough,1,0,0,0,H,,,,
2016-17,2017-02-04,12:30,24,Chelsea FC,Arsenal,3,1,1,0,H,,,,
2016-17,2017-02-05,13:30,24,Manchester City,Swansea,2,1,1,0,H,,,,
2016-17,2017-02-05,16:00,24,Leicester City,Manchester United,0,3,0,2,A,,,,
2016-17,2017-02-11,12:30,25,Arsenal,Hull,2,0,1,0,H,,,,
2016-17,2017-02-11,15:00,25,Manchester United,Watford,2,0,1,0,H,,,,
2016-17,2017-02-11,,25,Middlesbrough,Everton,0,0,,,D,,,,
2016-17,2017-02-11,,25,Stoke City,Crystal Palace,1,0,0,0,H,,,,
2016-17,2017-02-11,,25,Sunderland,Southampton FC,0,4,0,2,A,,,,
2016-17,2017-02-11,,25,West Ham United,West Bromwich Albion,2,2,0,1,D,,,,
2016-17,2017-02-11,17:30,25,Liverpool,Tottenham Hotspur,2,0,2,0,H,,,,
2016-17,2017-02-12,16:00,25,Swansea,Leicester City,2,0,2,0,H,,,,
2016-17,2017-02-12,13:30,25,Burnley,Chelsea FC,1,1,1,1,D,,,,
2016-17,2017-02-13,20:00,25,Bournemouth,Manchester City,0,2,0,1,A,,,,
2016-17,2017-02-25,15:00,26,Crystal Palace,Middlesbrough,1,0,1,0,H,,,,
2016-17,2017-02-25,,26,Everton,Sunderland,2,0,1,0,H,,,,
2016-17,2017-02-25,,26,Hull,Burnley,1,1,0,0,D,,,,
2016-17,2017-02-25,,26,West Bromwich Albion,Bournemouth,2,1,2,1,H,,,,
2016-17,2017-02-25,17:30,26,Watford,West Ham United,1,1,1,0,D,,,,
2016-17,2017-02-25,15:00,26,Chelsea FC,Swansea,3,1,1,1,H,,,,
2016-17,2017-02-26,13:30,26,Tottenham Hotspur,Stoke City,4,0,4,0,H,,,,
2016-17,2017-02-27,20:00,26,Leicester City,Liverpool,3,1,2,0,H,,,,
2016-17,2017-03-04,17:30,27,Liverpool,Arsenal,3,1,2,0,H,,,,
2016-17,2017-03-04,15:00,27,West Bromwich Albion,Crystal Palace,0,2,0,0,A,,,,
2016-17,2017-03-04,12:30,27,Manchester United,Bournemouth,1,1,1,1,D,,,,
2016-17,2017-03-04,15:00,27,Leicester City,Hull,3,1,1,1,H,,,,
2016-17,2017-03-04,,27,Stoke City,Middlesbrough,2,0,2,0,H,,,,
2016-17,2017-03-04,,27,Swansea,Burnley,3,2,1,1,H,,,,
2016-17,2017-03-04,,27,Watford,Southampton FC,3,4,1,2,A,,,,
2016-17,2017-03-05,16:00,27,Sunderland,Manchester City,0,2,0,1,A,,,,
2016-17,2017-03-05,13:30,27,Tottenham Hotspur,Everton,3,2,1,0,H,,,,
2016-17,2017-03-06,20:00,27,West Ham United,Chelsea FC,1,2,0,1,A,,,,
2016-17,2017-03-08,20:00,28,Manchester City,Stoke City,0,0,,,D,,,,
2016-17,2017-03-11,15:00,28,Hull,Swansea,2,1,0,0,H,,,,
2016-17,2017-03-11,,28,Everton,West Bromwich Albion,3,0,2,0,H,,,,
2016-17,2017-03-11,,28,Bournemouth,West Ham United,3,2,1,1,H,,,,
2016-17,2017-03-12,16:00,28,Liverpool,Burnley,2,1,1,1,H,,,,
2016-17,2017-03-18,15:00,29,Crystal Palace,Watford,1,0,0,0,H,,,,
2016-17,2017-03-18,,29,Everton,Hull,4,0,1,0,H,,,,
2016-17,2017-03-18,12:30,29,West Bromwich Albion,Arsenal,3,1,1,1,H,,,,
2016-17,2017-03-18,17:30,29,Bournemouth,Swansea,2,0,1,0,H,,,,
2016-17,2017-03-18,15:00,29,West Ham United,Leicester City,2,3,1,3,A,,,,
2016-17,2017-03-18,,29,Sunderland,Burnley,0,0,,,D,,,,
2016-17,2017-03-18,,29,Stoke City,Chelsea FC,1,2,1,1,A,,,,
2016-17,2017-03-19,16:30,29,Manchester City,Liverpool,1,1,0,0,D,,,,
2016-17,2017-03-19,14:15,29,Tottenham Hotspur,Southampton FC,2,1,2,0,H,,,,
2016-17,2017-03-19,12:00,29,Middlesbrough,Manchester United,1,3,0,1,A,,,,
2016-17,2017-04-01,15:00,30,Hull,West Ham United,2,1,0,1,H,,,,
2016-17,2017-04-01,,30,Leicester City,Stoke City,2,0,1,0,H,,,,
2016-17,2017-04-01,,30,Chelsea FC,Crystal Palace,1,2,1,2,A,,,,
2016-17,2017-04-01,,30,Burnley,Tottenham Hotspur,0,2,0,0,A,,,,
2016-17,2017-04-01,17:30,30,Southampton FC,Bournemouth,0,0,,,D,,,,
2016-17,2017-04-01,15:00,30,Watford,Sunderland,1,0,0,0,H,,,,
2016-17,2017-04-01,,30,Manchester United,West Bromwich Albion,0,0,,,D,,,,
2016-17,2017-04-01,12:30,30,Liverpool,Everton,3,1,2,1,H,,,,
2016-17,2017-04-02,16:00,30,Arsenal,Manchester City,2,2,1,2,D,,,,
2016-17,2017-04-02,13:30,30,Swansea,Middlesbrough,0,0,,,D,,,,
2016-17,2017-04-04,19:45,31,Burnley,Stoke City,1,0,0,0,H,,,,
2016-17,2017-04-04,20:00,31,Manchester United,Everton,1,1,0,1,D,,,,
2016-17,2017-04-04,19:45,31,Leicester City,Sunderland,2,0,0,0,H,,,,
2016-17,2017-04-04,,31,Watford,West Bromwich Albion,2,0,1,0,H,,,,
2016-17,2017-04-05,19:45,31,Southampton FC,Crystal Palace,3,1,1,1,H,,,,
2016-17,2017-04-05,20:00,31,Chelsea FC,Manchester City,2,1,2,1,H,,,,
2016-17,2017-04-05,,31,Liverpool,Bournemouth,2,2,1,1,D,,,,
2016-17,2017-04-05,19:45,31,Arsenal,West Ham United,3,0,0,0,H,,,,
2016-17,2017-04-05,,31,Swansea,Tottenham Hotspur,1,3,1,0,A,,,,
2016-17,2017-04-05,,31,Hull,Middlesbrough,4,2,3,2,H,,,,
2016-17,2017-04-08,12:30,32,Tottenham Hotspur,Watford,4,0,3,0,H,,,,
2016-17,2017-04-08,17:30,32,Bournemouth,Chelsea FC,1,3,1,2,A,,,,
2016-17,2017-04-08,15:00,32,West Ham United,Swansea,1,0,1,0,H,,,,
2016-17,2017-04-08,,32,West Bromwich Albion,Southampton FC,0,1,0,1,A,,,,
2016-17,2017-04-08,,32,Stoke City,Liverpool,1,2,1,0,A,,,,
2016-17,2017-04-08,,32,Middlesbrough,Burnley,0,0,,,D,,,,
2016-17,2017-04-08,,32,Manchester City,Hull,3,1,1,0,H,,,,
2016-17,2017-04-09,13:30,32,Sunderland,Manchester United,0,3,0,1,A,,,,
2016-17,2017-04-09,16:00,32,Everton,Leicester City,4,2,3,2,H,,,,
2016-17,2017-04-10,20:00,32,Crystal Palace,Arsenal,3,0,1,0,H,,,,
2016-17,2017-04-15,15:00,33,Everton,Burnley,3,1,0,0,H,,,,
2016-17,2017-04-15,,33,Crystal Palace,Leicester City,2,2,0,1,D,,,,
2016-17,2017-04-15,12:30,33,Tottenham Hotspur,Bournemouth,4,0,2,0,H,,,,
2016-17,2017-04-15,17:30,33,Southampton FC,Manchester City,0,3,0,0,A,,,,
2016-17,2017-04-15,15:00,33,Stoke City,Hull,3,1,1,0,H,,,,
2016-17,2017-04-15,,33,Sunderland,West Ham United,2,2,1,1,D,,,,
2016-17,2017-04-15,,33,Watford,Swansea,1,0,1,0,H,,,,
2016-17,2017-04-16,16:00,33,Manchester United,Chelsea FC,2,0,1,0,H,,,,
2016-17,2017-04-16,13:30,33,West Bromwich Albion,Liverpool,0,1,0,1,A,,,,
2016-17,2017-04-17,20:00,33,Middlesbrough,Arsenal,1,2,0,1,A,,,,
2016-17,2017-04-22,15:00,34,West Ham United,Everton,0,0,,,D,,,,
2016-17,2017-04-22,,34,Swansea,Stoke City,2,0,1,0,H,,,,
2016-17,2017-04-22,,34,Bournemouth,Middlesbrough,4,0,2,0,H,,,,
2016-17,2017-04-22,,34,Hull,Watford,2,0,0,0,H,,,,
2016-17,2017-04-23,14:15,34,Burnley,Manchester United,0,2,0,2,A,,,,
2016-17,2017-04-23,16:30,34,Liverpool,Crystal Palace,1,2,1,1,A,,,,
2016-17,2017-04-25,19:45,34,Chelsea FC,Southampton FC,4,2,2,1,H,,,,
2016-17,2017-04-26,19:45,28,Middlesbrough,Sunderland,1,0,1,0,H,,,,
2016-17,2017-04-26,20:00,28,Crystal Palace,Tottenham Hotspur,0,1,0,0,A,,,,
2016-17,2017-04-26,19:45,28,Arsenal,Leicester City,1,0,0,0,H,,,,
2016-17,2017-04-27,20:00,26,Manchester City,Manchester United,0,0,,,D,,,,
2016-17,2017-04-29,17:30,35,Crystal Palace,Burnley,0,2,0,1,A,,,,
2016-17,2017-04-29,15:00,35,Stoke City,West Ham United,0,0,,,D,,,,
2016-17,2017-04-29,,35,Southampton FC,Hull,0,0,,,D,,,,
2016-17,2017-04-29,,35,West Bromwich Albion,Leicester City,0,1,0,1,A,,,,
2016-17,2017-04-29,,35,Sunderland,Bournemouth,0,1,0,0,A,,,,
2016-17,2017-04-30,16:30,35,Tottenham Hotspur,Arsenal,2,0,0,0,H,,,,
2016-17,2017-04-30,14:05,35,Middlesbrough,Manchester City,2,2,1,0,D,,,,
2016-17,2017-04-30,,35,Everton,Chelsea FC,0,3,0,0,A,,,,
2016-17,2017-04-30,12:00,35,Manchester United,Swansea,1,1,1,0,D,,,,
2016-17,2017-05-01,20:00,35,Watford,Liverpool,0,1,0,1,A,,,,
2016-17,2017-05-05,20:00,36,West Ham United,Tottenham Hotspur,1,0,0,0,H,,,,
2016-17,2017-05-06,15:00,36,Burnley,West Bromwich Albion,2,2,0,0,D,,,,
2016-17,2017-05-06,,36,Bournemouth,Stoke City,2,2,0,1,D,,,,
2016-17,2017-05-06,12:30,36,Manchester City,Crystal Palace,5,0,1,0,H,,,,
2016-17,2017-05-06,15:00,36,Hull,Sunderland,0,2,0,0,A,,,,
2016-17,2017-05-06,,36,Leicester City,Watford,3,0,1,0,H,,,,
2016-17,2017-05-06,17:30,36,Swansea,Everton,1,0,1,0,H,,,,
2016-17,2017-05-07,16:00,36,Arsenal,Manchester United,2,0,0,0,H,,,,
2016-17,2017-05-07,13:30,36,Liverpool,Southampton FC,0,0,,,D,,,,
2016-17,2017-05-08,20:00,36,Chelsea FC,Middlesbrough,3,0,2,0,H,,,,
2016-17,2017-05-10,19:45,26,Southampton FC,Arsenal,0,2,0,0,A,,,,
2016-17,2017-05-12,19:45,37,Everton,Watford,1,0,0,0,H,,,,
2016-17,2017-05-12,20:00,37,West Bromwich Albion,Chelsea FC,0,1,0,0,A,,,,
2016-17,2017-05-13,15:00,37,Sunderland,Swansea,0,2,0,2,A,,,,
2016-17,2017-05-13,,37,Bournemouth,Burnley,2,1,1,0,H,,,,
2016-17,2017-05-13,17:30,37,Stoke City,Arsenal,1,4,0,1,A,,,,
2016-17,2017-05-13,12:30,37,Manchester City,Leicester City,2,1,2,1,H,,,,
2016-17,2017-05-13,15:00,37,Middlesbrough,Southampton FC,1,2,0,1,A,,,,
2016-17,2017-05-14,12:00,37,Crystal Palace,Hull,4,0,2,0,H,,,,
2016-17,2017-05-14,16:30,37,Tottenham Hotspur,Manchester United,2,1,1,0,H,,,,
2016-17,2017-05-14,14:15,37,West Ham United,Liverpool,0,4,0,1,A,,,,
2016-17,2017-05-15,20:00,28,Chelsea FC,Watford,4,3,2,1,H,,,,
2016-17,2017-05-16,20:00,34,Manchester City,West Bromwich Albion,3,1,2,0,H,,,,
2016-17,2017-05-16,19:45,34,Arsenal,Sunderland,2,0,0,0,H,,,,
2016-17,2017-05-17,19:45,28,Southampton FC,Manchester United,0,0,,,D,,,,
2016-17,2017-05-18,19:45,34,Leicester City,Tottenham Hotspur,1,6,0,2,A,,,,
2016-17,2017-05-21,15:00,38,Arsenal,Everton,3,1,2,0,H,,,,
2016-17,2017-05-21,,38,Burnley,West Ham United,1,2,1,1,A,,,,
2016-17,2017-05-21,,38,Chelsea FC,Sunderland,5,1,1,1,H,,,,
2016-17,2017-05-21,,38,Hull,Tottenham Hotspur,1,7,0,3,A,,,,
2016-17,2017-05-21,,38,Leicester City,Bournemouth,1,1,0,1,D,,,,
2016-17,2017-05-21,,38,Liverpool,Middlesbrough,3,0,1,0,H,,,,
2016-17,2017-05-21,,38,Manchester United,Crystal Palace,2,0,2,0,H,,,,
2016-17,2017-05-21,,38,Southampton FC,Stoke City,0,1,0,0,A,,,,
2016-17,2017-05-21,,38,Swansea,West Bromwich Albion,2,1,0,1,H,,,,
2016-17,2017-05-21,,38,Watford,Manchester City,0,5,0,4,A,,,,
